title,link,status,date
Devops Engineer,https://www.naukri.com/job-listings-devops-engineer-dapplooker-remote-0-to-5-years-230125505523,Applied,2025-04-17
Devops Engineer,https://www.naukri.com/job-listings-devops-engineer-gforce-consulting-solutions-remote-3-to-7-years-210922500685,Applied,2025-04-17
DevOps Engineer,https://www.naukri.com/job-listings-devops-engineer-busigence-technologies-remote-1-to-4-years-240223501764,Applied,2025-04-17
DevOps Engineer,https://www.naukri.com/job-listings-devops-engineer-data-art-solutions-private-limited-remote-1-to-5-years-270924502573,Applied,2025-04-17
DevOps Engineer,https://www.naukri.com/job-listings-devops-engineer-nurdsoft-remote-5-to-8-years-280325501282,Applied,2025-04-17
DevOps Engineer,https://www.naukri.com/job-listings-devops-engineer-turing-remote-3-to-7-years-140125509558,Applied,2025-04-17
DevOps Engineer,https://www.naukri.com/job-listings-devops-engineer-turing-remote-3-to-7-years-140125506651,Applied,2025-04-17
DevOps Engineer,https://www.naukri.com/job-listings-devops-engineer-turing-remote-4-to-8-years-140125509250,Applied,2025-04-17
DevOps Engineer,https://www.naukri.com/job-listings-devops-engineer-pitcs-remote-6-to-7-years-270922500194,Applied,2025-04-17
DevOps Engineer,https://www.naukri.com/job-listings-devops-engineer-ittrp-com-remote-4-to-8-years-091122500652,Applied,2025-04-17
DevOps Engineer,https://www.naukri.com/job-listings-devops-engineer-scalereal-technologies-pvt-ltd-remote-2-to-5-years-201123501166,Applied,2025-04-17
DevOps Engineer,https://www.naukri.com/job-listings-devops-engineer-turing-remote-6-to-8-years-140125507539,Applied,2025-04-17
DevOps Engineer,https://www.naukri.com/job-listings-devops-engineer-invences-global-solutions-private-limited-remote-5-to-7-years-061124501763,Applied,2025-04-17
DevOps Engineer,https://www.naukri.com/job-listings-devops-engineer-turing-remote-2-to-5-years-140125510458,Applied,2025-04-17
DevOps Engineer,https://www.naukri.com/job-listings-devops-engineer-turing-remote-6-to-8-years-140125506925,Applied,2025-04-17
DevOps Engineer,https://www.naukri.com/job-listings-devops-engineer-u2opia-mobile-pvt-limited-remote-4-to-5-years-280125500535,Applied,2025-04-17
DeVops Engineer,https://www.naukri.com/job-listings-devops-engineer-codenia-technologies-llp-remote-5-to-10-years-210325503474,Applied,2025-04-17
DevOps Engineer,https://www.naukri.com/job-listings-devops-engineer-turing-remote-3-to-7-years-140125510802,Applied,2025-04-17
DevOps Engineer,https://www.naukri.com/job-listings-devops-engineer-turing-remote-3-to-7-years-140125510646,Applied,2025-04-17
DevOps Engineer,https://www.naukri.com/job-listings-devops-engineer-sledding-technologies-pvt-ltd-remote-7-to-9-years-150424500194,Applied,2025-04-17
Site Reliability Engineer,https://www.naukri.com/job-listings-site-reliability-engineer-turing-remote-2-to-5-years-140125510515,Applied,2025-04-17
Site Reliability Engineer,https://www.naukri.com/job-listings-site-reliability-engineer-turing-remote-6-to-8-years-140125505453,Applied,2025-04-17
Offshore Site Reliability Engineer,https://www.naukri.com/job-listings-offshore-site-reliability-engineer-rarr-technologies-remote-5-to-9-years-100225502364,Applied,2025-04-17
Site Reliability Engineer,https://www.naukri.com/job-listings-site-reliability-engineer-turing-remote-3-to-7-years-140125509855,Applied,2025-04-17
Site Reliability Engineer,https://www.naukri.com/job-listings-site-reliability-engineer-luxoft-remote-3-to-7-years-040425500384,Applied,2025-04-17
Site Reliability Engineer,https://www.naukri.com/job-listings-site-reliability-engineer-turing-remote-2-to-5-years-140125506659,Applied,2025-04-17
Site Reliability Engineer,https://www.naukri.com/job-listings-site-reliability-engineer-turing-remote-3-to-7-years-140125504389,Applied,2025-04-17
Site Reliability Engineer,https://www.naukri.com/job-listings-site-reliability-engineer-turing-remote-3-to-7-years-140125504308,Applied,2025-04-17
Site Reliability Engineer,https://www.naukri.com/job-listings-site-reliability-engineer-turing-remote-6-to-8-years-140125505269,Applied,2025-04-17
Site Reliability Engineer,https://www.naukri.com/job-listings-site-reliability-engineer-turing-remote-3-to-7-years-140125507651,Applied,2025-04-17
Site Reliability Engineer / Observability Engineer,https://www.naukri.com/job-listings-site-reliability-engineer-observability-engineer-rackspace-technology-remote-2-to-7-years-130125502274,Applied,2025-04-17
Site Reliability Engineer,https://www.naukri.com/job-listings-site-reliability-engineer-turing-remote-3-to-7-years-140125507591,Applied,2025-04-17
Site Reliability Engineer,https://www.naukri.com/job-listings-site-reliability-engineer-turing-remote-3-to-7-years-140125503909,Applied,2025-04-17
Site Reliability Engineer,https://www.naukri.com/job-listings-site-reliability-engineer-turing-remote-3-to-7-years-140125507749,Applied,2025-04-17
Site Reliability Engineer,https://www.naukri.com/job-listings-site-reliability-engineer-turing-remote-5-to-8-years-140125509298,Applied,2025-04-17
Site Reliability Engineer,https://www.naukri.com/job-listings-site-reliability-engineer-turing-remote-3-to-7-years-140125505139,Applied,2025-04-17
Site Reliability Engineer,https://www.naukri.com/job-listings-site-reliability-engineer-turing-remote-3-to-7-years-140125509934,Applied,2025-04-17
Site Reliability Engineer,https://www.naukri.com/job-listings-site-reliability-engineer-turing-remote-3-to-7-years-140125506458,Applied,2025-04-17
Site Reliability Engineer,https://www.naukri.com/job-listings-site-reliability-engineer-global-business-ser-4u-remote-7-to-9-years-170325503348,Applied,2025-04-17
Site Reliability Engineer,https://www.naukri.com/job-listings-site-reliability-engineer-turing-remote-8-to-12-years-140125509393,Applied,2025-04-17
